{"R": 173.96464168324772, "G": 146.69231337960738, "B": 135.77127949944006}